{
    "accuracy": 0.8184931506849316,
    "precision": 1.0,
    "recall": 0.15873015873015872,
    "f1_score": 0.273972602739726,
    "confusion_matrix": {
        "tn": 229,
        "fp": 0,
        "fn": 53,
        "tp": 10
    }
}