{
    "accuracy": 0.8458904109589042,
    "precision": 0.95,
    "recall": 0.30158730158730157,
    "f1_score": 0.4578313253012048,
    "confusion_matrix": {
        "tn": 228,
        "fp": 1,
        "fn": 44,
        "tp": 19
    }
}